ID,treatment,age,region,supp,sex,weight,status
A0001,control,219,A,6.731,male,94.9,diseased
A0002,treated,218,A,7.95,male,94.4,diseased
A0003,treated,214,D,5.617,male,93.5,healthy
A0004,treated,194,D,8.49,male,88.4,diseased
A0005,control,185,D,7.127,female,69,diseased
A0006,treated,235,D,4.882,female,73,healthy
A0007,treated,205,D,6.355,male,92.5,diseased
A0008,treated,195,C,9.654,male,89.8,diseased
A0009,treated,232,B,7.443,male,95.5,diseased
A0010,treated,236,C,1.639,female,72.5,diseased
A0011,treated,194,D,5.92,female,68.5,healthy
A0012,control,220,A,3.694,female,72.1,healthy
A0013,control,193,A,1.825,female,68.5,diseased
A0014,treated,226,D,1.328,female,72,diseased
A0015,treated,204,D,7.245,male,91.7,healthy
A0016,treated,236,C,9.846,female,73.1,diseased
A0017,treated,215,D,6.631,female,71.6,diseased
A0018,treated,234,A,2.651,female,74.6,diseased
A0019,treated,236,D,0.751,male,99,diseased
A0020,control,183,B,0.094,male,89.8,diseased
A0021,treated,220,B,6.457,female,71.3,diseased
A0022,control,214,B,9.172,male,93.2,diseased
A0023,treated,193,B,0.683,female,69.8,diseased
A0024,control,218,D,6.212,male,93.4,diseased
A0025,treated,191,B,2.511,male,89.6,diseased
A0026,treated,229,C,8.957,female,74.6,diseased
A0027,treated,204,C,2.207,male,91.6,diseased
A0028,control,204,A,2.505,female,68.3,diseased
A0029,treated,202,C,8.084,female,70,diseased
A0030,treated,235,B,9.121,female,75.2,diseased
A0031,control,209,B,7.747,female,71.2,diseased
A0032,control,235,D,9.727,female,71.9,diseased
A0033,treated,194,A,6.17,female,70.2,healthy
A0034,treated,203,A,9.23,male,92.9,diseased
A0035,control,215,B,2.998,female,70.2,diseased
A0036,treated,192,D,8.577,female,69.2,diseased
A0037,control,232,B,2.363,male,97.4,diseased
A0038,control,231,D,8.698,female,73.3,diseased
A0039,control,211,D,0.741,female,71,diseased
A0040,treated,206,C,3.344,male,91.4,healthy
A0041,treated,229,B,8.153,male,97.3,diseased
A0042,control,196,B,4.837,female,70.2,diseased
A0043,treated,229,A,6.924,female,72.3,diseased
A0044,control,213,B,1.049,male,93.3,diseased
A0045,treated,189,D,5.97,female,69.1,healthy
A0046,control,225,C,7.998,female,73.6,diseased
A0047,treated,198,C,9.029,male,91.1,diseased
A0048,treated,226,A,2.45,male,96.4,diseased
A0049,control,221,D,7.891,male,96.5,diseased
A0050,treated,226,D,3.769,male,97.6,healthy
A0051,treated,222,B,5.59,female,71.4,healthy
A0052,control,211,D,0.821,female,70,diseased
A0053,control,232,B,7.488,female,74.4,diseased
A0054,control,207,C,4.376,female,69.2,healthy
A0055,control,187,C,6.28,male,89.3,diseased
A0056,treated,187,B,4.263,female,68,healthy
A0057,treated,227,C,4.355,male,96.7,healthy
A0058,treated,220,C,6.915,male,95.7,diseased
A0059,treated,199,C,0.94,female,70.9,diseased
A0060,treated,229,D,2.575,male,97,diseased
A0061,control,226,C,6.908,female,70.8,diseased
A0062,treated,204,B,5.464,male,93,healthy
A0063,treated,224,C,7.41,male,97.1,diseased
A0064,treated,189,D,4.549,male,88.8,healthy
A0065,treated,209,C,9.617,male,94,diseased
A0066,treated,231,D,7.053,female,71.7,diseased
A0067,treated,223,D,6.398,female,72.7,healthy
A0068,treated,219,B,2.072,female,71.8,diseased
A0069,control,212,C,8.111,female,69.9,diseased
A0070,treated,199,D,8.894,male,91.2,diseased
A0071,control,216,C,2.669,male,94.6,diseased
A0072,treated,187,B,2.854,male,88.4,healthy
A0073,treated,190,B,0.943,female,70.7,diseased
A0074,control,187,B,9.655,male,90,diseased
A0075,treated,196,B,2.688,male,89.2,diseased
A0076,treated,208,A,2.681,female,69.3,diseased
A0077,control,201,C,1.705,male,91.4,diseased
A0078,control,180,A,6.914,female,68.5,diseased
A0079,control,235,A,2.79,male,99.7,diseased
A0080,control,206,D,5.295,male,91.8,healthy
A0081,control,223,D,9.299,female,73.9,diseased
A0082,control,234,D,6.275,female,73.2,healthy
A0083,control,238,D,7.231,female,74.1,diseased
A0084,control,198,C,7.331,male,89.7,diseased
A0085,treated,199,B,1.517,male,90.3,diseased
A0086,control,230,B,9.071,female,73.7,diseased
A0087,treated,231,A,4.551,female,73.4,healthy
A0088,control,208,B,5.866,female,71.3,healthy
A0089,treated,212,A,7.966,male,94.2,diseased
A0090,treated,221,D,7.03,male,95.7,healthy
A0091,control,201,A,5.851,male,90.6,healthy
A0092,control,195,D,3.004,male,91.8,diseased
A0093,control,224,A,8.797,female,73.2,diseased
A0094,treated,195,A,2.621,male,92,diseased
A0095,control,215,C,2.941,male,94.9,diseased
A0096,treated,207,A,5.883,male,93.3,healthy
A0097,control,202,D,2.08,male,91.4,diseased
A0098,control,213,A,6.201,male,96,diseased
A0099,control,214,A,1.117,female,71.7,diseased
A0100,treated,184,D,5.667,male,89.3,healthy
A0101,treated,215,B,2.53,female,71.3,diseased
A0102,treated,199,A,9.703,male,90.3,diseased
A0103,control,180,C,7.874,male,89.2,diseased
A0104,control,211,D,3.715,male,94.2,diseased
A0105,treated,198,C,5.56,female,70.3,healthy
A0106,control,235,A,4.604,female,71.9,diseased
A0107,control,230,D,9.396,female,74.4,diseased
A0108,control,216,D,2.889,male,94.4,diseased
A0109,treated,229,C,2.893,male,97.2,diseased
A0110,treated,207,A,9.634,female,71.8,diseased
A0111,treated,196,D,0.312,female,69,diseased
A0112,control,227,A,5.344,female,72.5,diseased
A0113,treated,201,D,9.321,female,71.2,diseased
A0114,control,181,B,3.077,male,88.2,diseased
A0115,treated,223,A,1.602,female,72.6,diseased
A0116,treated,229,B,0.492,female,71.1,diseased
A0117,treated,213,A,6.295,female,70.6,healthy
A0118,control,234,C,3.325,female,72.2,diseased
A0119,treated,226,D,7.057,male,96.1,diseased
A0120,treated,222,D,8.55,female,72.7,diseased
A0121,treated,215,A,8.939,female,71.3,diseased
A0122,treated,205,B,6.359,male,94.1,healthy
A0123,treated,222,A,3.202,female,72.1,healthy
A0124,control,239,D,4.103,female,75.9,healthy
A0125,control,230,A,3.367,female,72.9,diseased
A0126,treated,183,B,2.741,male,87.8,diseased
A0127,control,187,C,2.065,female,69.6,diseased
A0128,control,210,B,9.942,male,93.9,diseased
A0129,treated,184,B,0.796,female,68,diseased
A0130,treated,186,D,1.161,female,67.8,diseased
A0131,treated,218,B,5.191,male,95.5,healthy
A0132,treated,232,D,0.457,male,98.9,diseased
A0133,control,187,D,3.098,male,90.8,healthy
A0134,control,210,C,0.343,female,70.3,diseased
A0135,treated,229,A,5.543,female,73.8,healthy
A0136,control,187,D,2.076,male,86.6,diseased
A0137,treated,203,C,9.216,female,70.1,diseased
A0138,control,209,A,4.774,male,92.9,diseased
A0139,control,217,D,7.77,female,71.4,diseased
A0140,control,238,C,4.089,female,74.8,diseased
A0141,treated,184,A,0.258,female,68.7,diseased
A0142,control,193,B,6.978,female,68,diseased
A0143,control,239,B,5.865,female,74,healthy
A0144,treated,233,B,0.817,female,72.3,diseased
A0145,treated,186,B,3.13,male,90.1,healthy
A0146,treated,216,B,4.983,male,92.8,healthy
A0147,control,193,B,3.184,male,89.4,diseased
A0148,control,238,C,6.902,male,99.3,diseased
A0149,treated,212,A,9.419,male,94.2,diseased
A0150,control,215,D,3.476,female,71.8,diseased
A0151,treated,202,D,0.212,male,90.3,diseased
A0152,control,217,D,4.882,female,72.5,healthy
A0153,control,183,A,6.346,female,67.7,healthy
A0154,treated,215,D,7.751,female,72.2,diseased
A0155,treated,231,D,4.564,female,72.8,healthy
A0156,treated,184,B,4.713,female,68.3,healthy
A0157,treated,190,B,8.336,female,69.8,diseased
A0158,treated,217,B,8.127,female,71.5,diseased
A0159,treated,186,C,2.863,male,88.1,diseased
A0160,control,201,A,9.343,male,92.2,diseased
A0161,treated,217,C,1.883,male,95.1,diseased
A0162,treated,182,C,7.881,male,87.7,diseased
A0163,treated,206,B,3.832,female,70.1,healthy
A0164,treated,235,A,1.411,male,97.6,diseased
A0165,control,231,D,4.043,male,96.3,diseased
A0166,control,226,D,8.216,male,97.7,diseased
A0167,control,210,C,5.709,male,92,healthy
A0168,control,229,B,0.582,female,72.5,diseased
A0169,treated,196,B,7.519,female,69.9,diseased
A0170,control,197,D,9.591,female,68.9,diseased
A0171,treated,202,B,5.985,male,91.7,healthy
A0172,treated,217,D,4.921,female,73.5,healthy
A0173,treated,184,B,2.53,female,68.1,diseased
A0174,treated,185,C,0.075,female,70.3,diseased
A0175,treated,215,D,2.285,male,93.4,diseased
A0176,control,205,A,7.717,female,69.5,diseased
A0177,treated,234,C,5.239,male,98.3,healthy
A0178,control,192,B,9.745,female,68.4,diseased
A0179,treated,185,C,8.46,female,67.5,diseased
A0180,treated,232,A,7.308,male,97.6,diseased
A0181,control,202,A,5.371,male,92.3,healthy
A0182,control,212,D,5.679,female,71.7,healthy
A0183,treated,223,A,9.47,male,95.4,diseased
A0184,control,213,A,5.147,male,93.9,diseased
A0185,treated,217,D,2.081,male,93.5,diseased
A0186,control,184,A,8.183,female,66.2,diseased
A0187,control,237,B,7.925,female,73.5,diseased
A0188,control,228,A,7.031,female,73.8,diseased
A0189,treated,210,A,4.131,female,71.5,healthy
A0190,treated,213,B,8.642,male,94.3,diseased
A0191,treated,228,D,8.477,male,96.6,diseased
A0192,control,186,C,8.684,female,69,diseased
A0193,treated,202,C,0.048,male,91.6,diseased
A0194,treated,193,A,2.77,female,71,diseased
A0195,treated,231,D,5.891,male,98.7,healthy
A0196,control,180,A,8.196,female,67.5,diseased
A0197,control,212,D,1.865,male,92.6,diseased
A0198,control,203,C,8.599,male,91,diseased
A0199,treated,211,A,8.678,female,70.7,diseased
A0200,treated,232,D,9.264,male,96.3,diseased
A0201,control,181,B,6.075,female,68,healthy
A0202,treated,208,A,9.414,male,91.9,diseased
A0203,control,203,B,5.823,female,70,healthy
A0204,treated,213,D,9.149,female,72.4,diseased
A0205,treated,235,A,2.366,female,75.5,diseased
A0206,treated,219,C,4.542,male,95.7,healthy
A0207,control,185,A,0.791,male,86.9,diseased
A0208,treated,213,C,5.317,male,93.8,healthy
A0209,treated,215,A,5.86,male,94.4,healthy
A0210,treated,188,A,1.779,male,87.6,diseased
A0211,treated,204,B,8.82,female,72.1,diseased
A0212,treated,188,D,6.493,female,68,healthy
A0213,control,187,D,7.96,male,88.2,diseased
A0214,treated,203,B,2.018,male,92.3,diseased
A0215,treated,236,D,2.683,female,73.9,diseased
A0216,control,216,C,3.532,male,94.3,healthy
A0217,control,217,A,4.214,male,95.7,healthy
A0218,treated,203,D,7.526,male,90.9,diseased
A0219,treated,237,D,7.094,female,73,diseased
A0220,treated,194,B,0.711,male,89.3,diseased
A0221,control,206,C,7.806,female,71.4,diseased
A0222,control,229,D,6.56,female,71.1,diseased
A0223,treated,215,B,9.511,male,94,diseased
A0224,treated,236,D,1.084,male,97.6,diseased
A0225,control,221,B,0.515,female,71.7,diseased
A0226,control,220,B,1.967,female,72.5,diseased
A0227,control,197,D,7.326,female,71,diseased
A0228,treated,206,A,8.046,female,70.3,diseased
A0229,treated,185,B,5.237,male,88.4,healthy
A0230,control,236,C,0.613,male,98,diseased
A0231,treated,213,D,8.192,male,94.5,diseased
A0232,treated,225,D,8.944,male,96.1,diseased
A0233,control,206,A,7.789,male,90.7,diseased
A0234,control,197,C,3.645,female,68.6,diseased
A0235,treated,227,A,9.941,female,70.6,diseased
A0236,treated,181,C,6.928,male,86.8,diseased
A0237,treated,220,A,8.791,female,72.8,diseased
A0238,treated,236,B,5.325,male,98.2,healthy
A0239,treated,204,B,9.485,female,71.3,diseased
A0240,treated,214,C,4.125,female,71.9,healthy
A0241,treated,218,D,8.164,male,96.9,diseased
A0242,treated,189,A,6.416,male,88,healthy
A0243,control,214,D,8.831,male,94.4,diseased
A0244,treated,225,A,5.71,male,96,healthy
A0245,control,214,B,2.796,female,72.1,diseased
A0246,treated,236,A,0.005,male,98.6,diseased
A0247,control,210,D,1.89,female,70.9,diseased
A0248,control,196,B,4.059,female,69.5,diseased
A0249,control,207,B,4.389,female,71,healthy
A0250,control,230,B,2.488,male,97.4,diseased
A0251,control,225,C,6.735,female,74.8,diseased
A0252,control,193,C,2.734,male,89.1,diseased
A0253,control,237,D,7.411,female,72.4,diseased
A0254,control,188,A,8.27,male,89.8,diseased
A0255,treated,239,A,2.308,female,74,diseased
A0256,treated,182,B,1.697,male,86.2,diseased
A0257,control,194,B,7.822,female,69.1,diseased
A0258,treated,222,A,4.02,female,71.6,healthy
A0259,control,232,C,0.295,male,98.3,diseased
A0260,treated,203,C,2.622,male,91.5,diseased
A0261,treated,215,D,8.113,male,93.6,diseased
A0262,control,235,A,2.41,male,98.7,diseased
A0263,treated,221,C,9.53,male,94.1,diseased
A0264,treated,197,A,1.044,male,90.6,diseased
A0265,treated,240,D,9.02,female,75.6,diseased
A0266,control,236,D,5.813,male,98.9,diseased
A0267,treated,193,B,9.6,male,89.8,diseased
A0268,treated,232,B,0.877,female,72.2,diseased
A0269,treated,235,B,7.104,male,98.7,diseased
A0270,treated,201,D,6.011,female,70.1,healthy
A0271,treated,239,C,6.553,male,98.9,diseased
A0272,control,205,B,0.459,female,69.2,diseased
A0273,treated,194,D,4.013,male,89.6,healthy
A0274,treated,180,A,0.114,male,86.8,diseased
A0275,control,209,A,5.197,female,69.9,healthy
A0276,treated,191,A,5.617,female,69.4,healthy
A0277,control,236,B,9.562,female,72.5,diseased
A0278,treated,197,B,8.428,female,69.6,diseased
A0279,treated,232,D,5.795,male,97.9,healthy
A0280,control,221,A,0.484,female,71.7,diseased
A0281,treated,198,C,0.605,female,70.2,diseased
A0282,treated,228,D,9.88,male,98.2,diseased
A0283,control,197,C,2.782,female,68,diseased
A0284,treated,237,C,7.888,female,72,diseased
A0285,control,210,B,8.893,male,93.6,diseased
A0286,control,182,D,1.428,female,67.8,diseased
A0287,treated,238,A,9.476,male,98,diseased
A0288,treated,190,C,5.327,male,91.6,healthy
A0289,control,200,D,5.649,male,90.7,healthy
A0290,control,184,D,2.311,female,67.7,diseased
A0291,treated,231,C,8.895,male,97.2,diseased
A0292,control,197,D,6.827,male,91.4,diseased
A0293,treated,217,B,2.096,female,73.3,diseased
A0294,control,204,C,4.982,female,70.5,healthy
A0295,control,232,C,6.202,male,97.4,healthy
A0296,control,181,C,6.931,female,68.5,healthy
A0297,treated,226,B,4.426,male,94.9,healthy
A0298,treated,221,D,9.028,male,95.5,diseased
A0299,control,206,A,5.16,female,70.3,healthy
A0300,treated,236,C,9.312,female,73.7,diseased
A0301,control,199,D,7.975,male,90.8,diseased
A0302,control,199,C,6.763,female,68.4,diseased
A0303,control,230,C,0.212,female,73.7,diseased
A0304,control,182,B,9.511,female,67.9,diseased
A0305,control,205,A,3.997,male,91,healthy
A0306,treated,222,B,2.806,male,95.3,diseased
A0307,control,218,C,2.895,male,96.3,diseased
A0308,treated,183,C,4.332,female,68.6,healthy
A0309,treated,194,B,8.311,male,90.7,diseased
A0310,treated,216,C,9.832,female,71.7,diseased
A0311,control,218,D,1.621,female,72,diseased
A0312,control,186,D,0.908,female,67.9,diseased
A0313,treated,203,B,9.059,male,90.7,diseased
A0314,treated,198,D,6.993,female,70.4,diseased
A0315,control,210,D,5.772,female,69.8,diseased
A0316,control,229,D,7.219,male,97.2,diseased
A0317,control,199,C,6.994,female,69.6,diseased
A0318,control,183,B,7.835,female,68.5,diseased
A0319,control,197,B,4.013,male,89.7,healthy
A0320,control,196,B,2.319,male,91.4,diseased
A0321,treated,238,D,1.671,female,74,diseased
A0322,treated,224,A,0.258,male,96.6,diseased
A0323,control,226,A,9.751,female,74.4,diseased
A0324,control,234,C,2.277,male,97.8,diseased
A0325,control,237,D,7.967,female,74,diseased
A0326,treated,218,D,4.455,male,94.5,healthy
A0327,control,209,C,1.98,male,94.3,diseased
A0328,treated,181,D,7.611,male,87.9,diseased
A0329,treated,185,C,2.39,female,68.6,diseased
A0330,treated,211,C,7.744,female,71.1,diseased
A0331,control,229,C,8.4,female,73.3,diseased
A0332,treated,210,B,4.394,female,72.7,healthy
A0333,treated,214,A,5.764,male,95.1,healthy
A0334,control,209,C,3.425,male,93.4,diseased
A0335,treated,193,C,4.368,male,90.2,healthy
A0336,treated,193,C,1.561,male,89.8,diseased
A0337,treated,202,B,3.474,male,92.4,healthy
A0338,treated,219,B,7.934,female,71.9,diseased
A0339,control,235,A,4.312,male,96.3,healthy
A0340,treated,207,C,4.561,male,92.1,healthy
A0341,treated,201,D,8.667,female,68,diseased
A0342,control,203,D,8.676,male,91.6,diseased
A0343,treated,221,A,0.295,male,95.6,diseased
A0344,control,188,A,4.42,male,91,healthy
A0345,treated,186,D,7.581,female,70,diseased
A0346,treated,181,B,1.153,male,86.7,diseased
A0347,treated,228,C,5.824,female,71.8,healthy
A0348,treated,216,A,7.334,female,70.6,diseased
A0349,control,210,C,2.591,male,92.6,diseased
A0350,control,194,B,3.487,male,89.5,diseased
A0351,control,211,B,9.041,male,93.6,diseased
A0352,treated,197,A,0.471,female,69.7,diseased
A0353,treated,186,D,1.535,male,87.4,diseased
A0354,treated,221,D,2.537,male,94.9,diseased
A0355,treated,219,B,1.445,male,96,diseased
A0356,control,192,A,3.719,male,89.8,healthy
A0357,treated,227,D,3.184,female,70.7,diseased
A0358,treated,192,A,4.549,male,89.6,healthy
A0359,control,181,B,9.498,male,84.3,diseased
A0360,treated,197,D,3.569,female,70.1,healthy
A0361,control,230,A,4.29,female,72.5,healthy
A0362,control,223,B,0.365,female,71.7,diseased
A0363,control,206,A,4.806,female,69.6,healthy
A0364,treated,195,A,7.891,male,90.5,diseased
A0365,treated,197,C,5.044,female,70.8,healthy
A0366,treated,204,D,9.995,male,92.7,diseased
A0367,treated,240,A,2.76,male,100,diseased
A0368,treated,187,D,9.183,male,88.7,diseased
A0369,treated,198,A,1.201,female,70.8,diseased
A0370,treated,225,A,9.062,female,71.3,diseased
A0371,control,215,B,1.582,female,73.3,diseased
A0372,treated,232,A,7.279,male,98.8,diseased
A0373,treated,191,A,5.978,male,88,healthy
A0374,treated,183,A,3.512,male,86.7,diseased
A0375,treated,213,D,4.165,male,93.1,healthy
A0376,treated,238,C,2.981,female,73.7,diseased
A0377,treated,218,C,5.335,female,72.3,healthy
A0378,control,197,C,9.442,female,72.7,diseased
A0379,control,191,B,6.901,female,69,diseased
A0380,treated,199,D,8.453,male,90.8,diseased
A0381,control,219,B,8.497,male,95.1,diseased
A0382,treated,207,B,3.898,male,92.6,diseased
A0383,treated,210,D,7.757,male,93.7,diseased
A0384,treated,189,A,2.98,male,88.7,diseased
A0385,treated,184,D,8.589,male,87.1,diseased
A0386,control,207,A,3.275,female,69.7,diseased
A0387,control,186,A,3.44,female,69.3,diseased
A0388,treated,201,A,0.569,male,90.6,diseased
A0389,treated,202,D,1.325,female,69,diseased
A0390,treated,205,A,4.561,female,72.3,healthy
A0391,control,230,D,8.226,male,96.4,diseased
A0392,treated,233,B,4.039,male,99.2,diseased
A0393,control,203,A,0.372,female,72.2,diseased
A0394,control,218,C,3.748,female,73.3,diseased
A0395,control,233,D,9.741,female,73.7,diseased
A0396,treated,233,C,5.021,female,73,healthy
A0397,control,183,D,1.744,male,88.5,diseased
A0398,control,188,A,8.048,male,88.5,diseased
A0399,treated,205,C,3.802,female,72.9,healthy
A0400,treated,217,B,4.869,female,71.7,healthy
A0401,treated,231,B,2.381,male,96.8,diseased
A0402,treated,210,D,5.047,male,94.3,healthy
A0403,treated,229,D,9.582,female,74.9,diseased
A0404,control,223,B,3.98,male,95.5,healthy
A0405,control,216,A,6.735,female,73.8,healthy
A0406,control,196,D,0.165,female,70,diseased
A0407,control,195,A,8.664,male,90.4,diseased
A0408,treated,220,C,2.547,male,95.1,diseased
A0409,control,224,C,0.409,male,96.1,diseased
A0410,control,195,C,2.291,male,89.8,diseased
A0411,control,195,D,3.8,female,69.6,healthy
A0412,treated,235,A,1.71,male,99.8,diseased
A0413,control,235,D,3.075,male,97,diseased
A0414,treated,234,B,3.755,male,98.1,diseased
A0415,treated,217,D,0.726,male,95.2,diseased
A0416,treated,230,D,1.773,female,72,diseased
A0417,control,186,A,8.837,male,88.4,diseased
A0418,treated,198,B,0.561,male,89.9,diseased
A0419,control,228,D,7.195,female,74.5,diseased
A0420,treated,201,C,5.446,male,91.2,healthy
A0421,control,191,B,3.136,male,87.3,diseased
A0422,treated,198,C,2.2,male,89.2,diseased
A0423,treated,222,B,7.879,male,94.1,diseased
A0424,control,192,D,7.697,female,69.4,diseased
A0425,control,192,D,1.573,female,70.1,diseased
A0426,control,216,B,2.421,male,93.8,diseased
A0427,control,191,A,5.227,female,70.6,healthy
A0428,control,204,B,3.245,male,91.1,healthy
A0429,treated,199,B,6.395,female,69.8,healthy
A0430,control,185,B,4.106,female,70.5,healthy
A0431,treated,180,A,6.778,female,68.1,diseased
A0432,control,210,A,8.321,female,71.4,diseased
A0433,control,229,D,0.464,female,72.1,diseased
A0434,treated,222,A,2.912,male,95.9,diseased
A0435,control,214,D,6.898,male,93.7,healthy
A0436,treated,222,B,1.907,female,72.7,diseased
A0437,treated,231,A,6.857,female,74,diseased
A0438,control,222,C,4.325,male,97.7,healthy
A0439,treated,197,C,0.055,male,91.7,diseased
A0440,treated,207,A,5.157,male,92.6,healthy
A0441,treated,184,C,4.464,male,88.3,healthy
A0442,treated,187,A,6.272,male,88.2,healthy
A0443,treated,188,A,5.891,female,68.9,healthy
A0444,control,217,A,5.356,male,94,healthy
A0445,control,228,A,0.37,male,98.1,diseased
A0446,control,215,C,2.987,female,71.8,diseased
A0447,treated,206,B,2.751,female,70,healthy
A0448,treated,221,D,8.562,female,72.8,diseased
A0449,treated,182,A,4.637,female,68.5,healthy
A0450,control,211,C,5.663,male,93.4,diseased
A0451,control,230,A,4.551,male,97.2,diseased
A0452,control,231,B,1.091,male,98.6,diseased
A0453,treated,201,A,3.687,male,89.4,healthy
A0454,treated,231,B,3.464,female,72.6,diseased
A0455,treated,234,D,3.478,male,98.3,diseased
A0456,control,193,A,6.412,male,89.3,healthy
A0457,control,226,A,0.747,male,96.1,diseased
A0458,control,209,C,7.969,male,93.4,diseased
A0459,treated,239,B,1.857,female,73.5,diseased
A0460,control,225,C,8.227,male,95.6,diseased
A0461,treated,195,A,6.156,male,90.7,healthy
A0462,control,198,C,9.316,male,90.7,diseased
A0463,treated,182,D,7.108,male,86.7,diseased
A0464,treated,209,C,1.43,male,93.8,diseased
A0465,treated,208,A,5.786,male,91.9,healthy
A0466,treated,228,C,9.286,female,72.8,diseased
A0467,control,226,C,7.1,male,96,diseased
A0468,treated,190,C,5.741,male,87.8,healthy
A0469,control,219,A,8.559,female,73,diseased
A0470,treated,228,C,3.022,female,72.2,diseased
A0471,treated,216,A,1.581,female,71.9,diseased
A0472,control,190,B,4.517,male,87.5,diseased
A0473,treated,198,C,8.547,male,90.7,diseased
A0474,treated,187,D,4.048,male,87.4,healthy
A0475,treated,232,A,4.494,male,97,healthy
A0476,treated,237,A,2.561,male,99.9,diseased
A0477,treated,187,C,9.594,female,70.5,diseased
A0478,control,198,D,6.453,male,92.8,healthy
A0479,control,212,B,9.283,female,71.1,diseased
A0480,treated,189,C,9.14,male,89.6,diseased
A0481,control,202,C,2.413,male,90.6,diseased
A0482,treated,185,C,1.402,male,89.5,diseased
A0483,treated,189,D,1.444,female,68.6,diseased
A0484,treated,232,B,2.904,female,71.5,diseased
A0485,treated,220,D,2.651,female,71.5,diseased
A0486,control,240,C,3.61,male,98.3,diseased
A0487,treated,235,B,4.86,female,74,healthy
A0488,treated,184,C,4.207,male,87.7,healthy
A0489,treated,240,C,9.336,male,98.7,diseased
A0490,treated,220,C,8.645,male,95.2,diseased
A0491,treated,223,D,7.478,female,73.4,diseased
A0492,treated,205,A,3.582,male,91.4,diseased
A0493,control,239,A,6.761,female,72.4,diseased
A0494,control,232,D,6.254,male,97.1,diseased
A0495,treated,198,B,1.461,male,91.7,diseased
A0496,treated,205,C,7.54,female,70.5,diseased
A0497,treated,222,A,2.937,male,95.4,diseased
A0498,control,229,A,2.771,male,96.9,diseased
A0499,treated,222,B,1.327,female,70.2,diseased
A0500,control,230,B,8.24,female,73.3,diseased
